architecture,p95_ms,pa20_f1
Fixed,1.059458,0.20956107103557892
Fixed,46.961875,0.20956107103557892
Fixed,45.660478600000005,0.20956107103557892
Fixed,47.36027115,0.20956107103557892
Fixed,25.04353960000002,0.20956107103557892
Fixed,40.08842860000001,0.20956107103557892
Fixed,33.354603899999994,0.20956107103557892
Fixed,27.813510749999992,0.20956107103557892
Fixed,34.66265465,0.20956107103557892
Fixed,43.334447999999995,0.20956107103557892
Fixed,16.459820199999967,0.20956107103557892
Fixed,33.35114939999998,0.20956107103557892
Fixed,20.45205449999995,0.20956107103557892
Fixed,19.21159109999994,0.20956107103557892
Fixed,32.24082954999998,0.20956107103557892
Fixed,12.403784949999954,0.20956107103557892
Fixed,44.99156005,0.20956107103557892
Fixed,17.665397600000002,0.20956107103557892
Fixed,26.990420499999995,0.20956107103557892
Fixed,21.361056600000023,0.20956107103557892
Fixed,21.68612475,0.20956107103557892
Fixed,25.634018450000024,0.20956107103557892
Fixed,33.14819825,0.20956107103557892
Fixed,40.1597288,0.20956107103557892
Fixed,28.01636865,0.20956107103557892
Fixed,197.58495820000005,0.20956107103557892
Fixed,48.6860664,0.20956107103557892
Fixed,48.212281250000004,0.20956107103557892
Fixed,27.2516101,0.20956107103557892
Fixed,47.0024418,0.20956107103557892
Data-Driven,10.080499999999997,0.18078354125629242
Data-Driven,63.54024389999994,0.18078354125629242
Data-Driven,48.6988328,0.18078354125629242
Data-Driven,46.98859649999999,0.18078354125629242
Data-Driven,55.0778162,0.18078354125629242
Data-Driven,42.99896034999999,0.18078354125629242
Data-Driven,65.5270089,0.18078354125629242
Data-Driven,65.40056659999998,0.18078354125629242
Data-Driven,63.7735143,0.18078354125629242
Data-Driven,66.19290805,0.18078354125629242
Data-Driven,68.33951259999996,0.1758569299552906
Data-Driven,1.4493312499999784,0.18078354125629242
Data-Driven,65.94747555000001,0.1758569299552906
Data-Driven,74.027479,0.18078354125629242
Data-Driven,72.50248994999995,0.18078354125629242
Data-Driven,64.2617332,0.18078354125629242
Data-Driven,68.9782295,0.18078354125629242
Data-Driven,74.90606249999999,0.18078354125629242
Data-Driven,78.3555045,0.18078354125629242
Data-Driven,81.7853128,0.18078354125629242
Data-Driven,99.35813525,0.18078354125629242
Data-Driven,92.35681279999997,0.18078354125629242
Data-Driven,30.3289144,0.18078354125629242
Data-Driven,88.1414249,0.18078354125629242
Data-Driven,50.46069119999999,0.18078354125629242
Data-Driven,43.013595949999996,0.18078354125629242
Data-Driven,7.04419554999997,0.18078354125629242
Data-Driven,3.21197059999999,0.18078354125629242
Data-Driven,38.49433325,0.18078354125629242
Data-Driven,4.119716799999998,0.18078354125629242
Adaptive,18.0167625,0.1417101000140865
Adaptive,17.735726799999995,0.13779077157747555
Adaptive,18.0407069,0.13217711207462882
Adaptive,19.297451749999997,0.10629175391365041
Adaptive,19.6465,0.11723534558180226
Adaptive,18.207674949999998,0.09601536245799326
Adaptive,18.590833,0.09447156616967937
Adaptive,18.805167,0.09447156616967937
Adaptive,19.014084,0.09394270719440193
Adaptive,18.863375,0.09290255611781498
Adaptive,20.4958708,0.09325675388215274
Adaptive,19.063292,0.1362003688962237
Adaptive,19.0497962,0.09500641337520456
Adaptive,18.90875,0.09253955454216835
Adaptive,18.722458,0.09447156616967937
Adaptive,18.9516795,0.09664791901012375
Adaptive,19.65998925,0.09447156616967937
Adaptive,19.3130246,0.1868383060635226
Adaptive,18.8455,0.09664791901012375
Adaptive,18.765296199999998,0.09447156616967937
Adaptive,19.0053477,0.0934197364415257
Adaptive,19.06282105,0.09664791901012375
Adaptive,17.17641395,0.13920022139200222
Adaptive,19.367408199999996,0.09685441901165202
Adaptive,17.4554165,0.14633390172066346
Adaptive,17.51406875,0.14132709590052936
Adaptive,17.5930021,0.13913465034541267
Adaptive,17.8401045,0.1130191391179363
Adaptive,17.7858668,0.11922101301039194
Adaptive,17.92201875,0.13262242468164406
