time_ms,window_size,occupancy,raw_depth
100,256,0,0
200,256,0,0
301,256,0.015625,1
402,256,0.03125,2
507,256,0.03125,2
609,256,0,0
709,256,0.015625,1
809,256,0.03125,2
909,256,0.03125,2
1011,256,0.046875,3
1112,256,0.078125,5
1215,256,0.015625,1
1316,256,0.015625,1
1416,256,0,0
1517,256,0,0
1620,256,0.03125,2
1720,256,0.03125,2
1821,256,0.03125,2
1921,256,0,0
2021,256,0.078125,5
2126,256,0.03125,2
2228,256,0.03125,2
2328,256,0.03125,2
2428,256,0,0
2528,256,0.078125,5
2628,256,0.046875,3
2728,256,0.03125,2
2832,256,0.015625,1
2932,256,0,0
3036,256,0,0
3136,256,0,0
3237,256,0.1875,12
3338,256,0.109375,7
3443,256,0,0
3543,256,0.03125,2
3643,256,0,0
3746,256,0,0
3850,256,0.09375,6
3955,16,0.984375,63
4056,16,0.984375,63
4156,16,0.984375,63
4258,16,0.984375,63
4358,16,0.984375,63
4462,16,0.984375,63
4562,16,0.984375,63
4667,16,0.984375,63
4768,16,0.984375,63
4868,16,0.546875,35
4968,256,0.015625,1
5068,256,0,0
5173,256,0,0
5275,256,0,0
5380,256,0,0
5480,256,0.015625,1
5585,256,0.109375,7
5685,256,0.09375,6
5790,256,0.0625,4
5890,256,0,0
5990,256,0.03125,2
6093,256,0,0
6194,256,0,0
6295,256,0.015625,1
6398,256,0.03125,2
6499,256,0.015625,1
6599,256,0,0
6700,256,0.046875,3
6802,256,0,0
6902,256,0.046875,3
7002,256,0.046875,3
7103,256,0.046875,3
7204,256,0,0
7304,256,0,0
7404,256,0.03125,2
7504,256,0.015625,1
7604,256,0.03125,2
7704,256,0.03125,2
7804,256,0.046875,3
7909,256,0.015625,1
8009,256,0,0
8114,256,0.21875,14
8215,256,0.15625,10
8320,256,0.078125,5
8421,256,0.03125,2
8522,256,0,0
8623,256,0,0
8726,256,0.078125,5
8831,256,0,0
8932,256,0.015625,1
9036,256,0.015625,1
9137,256,0.0625,4
9238,256,0.015625,1
9340,256,0.03125,2
9440,256,0.03125,2
9541,256,0,0
9642,256,0,0
9746,256,0,0
9847,256,0,0
9950,256,0,0
10050,256,0,0
