seq,detect_timestamp_ns,latency_ns,max_score,window_size_used,first_seq,last_seq,flagged_seq,occupancy_at_decision
255,34200001293688293,0,0.60530327,256,0,255,165,0
511,34200002627750688,0,0.60754791,256,256,511,431,0
767,34200003913583997,0,0.62263458,256,512,767,529,0
1023,34200005284623463,0,0.60779822,256,768,1023,800,0
1279,34200006613180857,0,0.59317879,256,1024,1279,1154,0
1535,34200007976259854,0,0.63330478,256,1280,1535,1378,0
1791,34200009230953955,0,0.64410942,256,1536,1791,1775,0
2047,34200010484299380,0,0.59444516,256,1792,2047,1939,0
2303,34200011809644882,0,0.6023155,256,2048,2303,2198,0
2559,34200013063863873,0,0.59879767,256,2304,2559,2557,0
2815,34200014312271988,0,0.6397648,256,2560,2815,2632,0
3071,34200015670208332,0,0.60877202,256,2816,3071,2968,0
3327,34200016966786037,0,0.61318985,256,3072,3327,3213,0
3583,34200018264982791,0,0.63772835,256,3328,3583,3564,0
3839,34200019600768880,0,0.61225154,256,3584,3839,3693,0
4095,34200021044455645,0,0.64164905,256,3840,4095,3983,0
4351,34200022357014362,0,0.64319282,256,4096,4351,4236,0
4607,34200023575894286,0,0.62274917,256,4352,4607,4562,0
4863,34200024844864972,0,0.63325526,256,4608,4863,4770,0
5119,34200026006965762,0,0.63732299,256,4864,5119,4909,0
5375,34200027284947804,0,0.59443301,256,5120,5375,5257,0
5631,34200028573929677,0,0.64122953,256,5376,5631,5392,0
5887,34200029899000881,0,0.64987984,256,5632,5887,5685,0
6143,34200031214476142,0,0.59472973,256,5888,6143,5983,0
6399,34200032517922896,0,0.65296432,256,6144,6399,6301,0
6655,34200033859162596,0,0.61340293,256,6400,6655,6526,0
6911,34200035146744669,0,0.64018076,256,6656,6911,6720,0
7167,34200036560336434,0,0.63829761,256,6912,7167,7086,0
7423,34200037799549470,0,0.59043634,256,7168,7423,7340,0
7679,34200039104958176,0,0.61976185,256,7424,7679,7469,0
7935,34200040471386845,0,0.64076093,256,7680,7935,7886,0
8191,34200041752870091,0,0.60188761,256,7936,8191,8135,0
8447,34200043043837373,0,0.64467236,256,8192,8447,8411,0
8703,34200044437978650,0,0.61130411,256,8448,8703,8568,0
8959,34200045720474734,0,0.62364927,256,8704,8959,8705,0
9215,34200047067739219,0,0.67610459,256,8960,9215,9061,0
9471,34200048273900043,0,0.61156548,256,9216,9471,9322,0
9727,34200049549959672,0,0.64185669,256,9472,9727,9531,0
9983,34200050813336759,0,0.60819544,256,9728,9983,9835,0
10239,34200052088358389,0,0.60853292,256,9984,10239,10172,0
10495,34200053485983212,0,0.62492758,256,10240,10495,10455,0
10751,34200054684538596,0,0.67894507,256,10496,10751,10670,0
11007,34200055963247000,0,0.60293968,256,10752,11007,10874,0
11263,34200057237689398,0,0.64961557,256,11008,11263,11141,0
11519,34200058591460945,0,0.65605684,256,11264,11519,11445,0
11775,34200059900487095,0,0.63862436,256,11520,11775,11769,0
12031,34200061147121816,0,0.61520012,256,11776,12031,11924,0
12287,34200062368811181,0,0.64809905,256,12032,12287,12177,0
12543,34200063656543577,0,0.61243982,256,12288,12543,12291,0
12799,34200064928674110,0,0.61548058,256,12544,12799,12614,0
13055,34200066192670399,0,0.59380359,256,12800,13055,13048,0
13311,34200067493536024,0,0.64472019,256,13056,13311,13083,0
13567,34200068831465335,0,0.6762325,256,13312,13567,13542,0
13823,34200070123912507,0,0.62823744,256,13568,13823,13626,0
14079,34200071382159533,0,0.63039284,256,13824,14079,13973,0
14335,34200072692478142,0,0.65093792,256,14080,14335,14183,0
14591,34200073889249993,0,0.61951663,256,14336,14591,14506,0
14847,34200075209588271,0,0.60176922,256,14592,14847,14706,0
15103,34200076442162435,0,0.62239543,256,14848,15103,15087,0
15359,34200077809937246,0,0.62346011,256,15104,15359,15153,0
15615,34200079027074123,0,0.60631253,256,15360,15615,15412,0
15871,34200080223397898,0,0.60674639,256,15616,15871,15743,0
16127,34200081496932361,0,0.59356166,256,15872,16127,16042,0
16383,34200082795769527,0,0.62176583,256,16128,16383,16319,0
16639,34200084156498380,0,0.67761214,256,16384,16639,16606,0
16895,34200085426554301,0,0.59797442,256,16640,16895,16650,0
17151,34200086833327349,0,0.63351258,256,16896,17151,16970,0
17407,34200088089907958,0,0.6318691,256,17152,17407,17349,0
17663,34200089422510003,0,0.60372303,256,17408,17663,17572,0
17919,34200090744577886,0,0.5882785,256,17664,17919,17751,0
18175,34200091941464972,0,0.59024759,256,17920,18175,18099,0
18431,34200093267564578,0,0.6188372,256,18176,18431,18420,0
18687,34200094519191098,0,0.68728591,256,18432,18687,18577,0
18943,34200095839947746,0,0.61264445,256,18688,18943,18860,0
19199,34200097093542340,0,0.60049282,256,18944,19199,19088,0
19455,34200098394921710,0,0.61710258,256,19200,19455,19209,0
19711,34200099718686158,0,0.6286582,256,19456,19711,19592,0
19967,34200101010977253,0,0.6453923,256,19712,19967,19761,0
20223,34200102383158049,0,0.58354475,256,19968,20223,20090,0
20479,34200103634338706,0,0.6416423,256,20224,20479,20262,0
20735,34200104934638811,0,0.63129476,256,20480,20735,20723,0
20991,34200106154033427,0,0.62201745,256,20736,20991,20885,0
21247,34200107486505364,0,0.64913662,256,20992,21247,21021,0
21503,34200108691401109,0,0.64973736,256,21248,21503,21379,0
21759,34200110011367279,0,0.61284035,256,21504,21759,21740,0
22015,34200111227582521,0,0.59641035,256,21760,22015,22001,0
22271,34200112536860546,0,0.64470687,256,22016,22271,22057,0
22527,34200113744319265,0,0.63934525,256,22272,22527,22519,0
22783,34200115060523120,0,0.68487594,256,22528,22783,22573,0
23039,34200116286503865,0,0.60635518,256,22784,23039,22827,0
23295,34200117678457122,0,0.63492915,256,23040,23295,23095,0
23551,34200118981780642,0,0.64038003,256,23296,23551,23424,0
23807,34200120247299506,0,0.60458498,256,23552,23807,23626,0
24063,34200121555946142,0,0.61138184,256,23808,24063,23938,0
24319,34200122857262523,0,0.57218914,256,24064,24319,24261,0
24575,34200124116112401,0,0.62098797,256,24320,24575,24466,0
24831,34200125394542455,0,0.62856775,256,24576,24831,24618,0
25087,34200126761415423,0,0.59053032,256,24832,25087,24870,0
25343,34200128051968567,0,0.64044553,256,25088,25343,25223,0
25599,34200129292971566,0,0.62097953,256,25344,25599,25488,0
25855,34200130607065302,0,0.61062979,256,25600,25855,25660,0
26111,34200131957166821,0,0.60962017,256,25856,26111,26008,0
26367,34200133276018268,0,0.61720247,256,26112,26367,26347,0
26623,34200134569440560,0,0.64102501,256,26368,26623,26538,0
26879,34200135865264274,0,0.6052075,256,26624,26879,26627,0
27135,34200137235440840,0,0.59691529,256,26880,27135,27134,0
27391,34200138537106679,0,0.6443855,256,27136,27391,27259,0
27647,34200139825196048,0,0.65614144,256,27392,27647,27559,0
27903,34200141070046168,0,0.57842803,256,27648,27903,27773,0
28159,34200142388964059,0,0.6332931,256,27904,28159,28081,0
28415,34200143733181420,0,0.58710934,256,28160,28415,28196,0
28671,34200144990801020,0,0.60331849,256,28416,28671,28493,0
28927,34200146323520197,0,0.61998326,256,28672,28927,28701,0
29183,34200147619034477,0,0.65400459,256,28928,29183,29035,0
29439,34200148784979090,0,0.5891788,256,29184,29439,29268,0
29695,34200150105283368,0,0.6458288,256,29440,29695,29599,0
29951,34200151395266535,0,0.59749237,256,29696,29951,29752,0
30207,34200152712936706,0,0.597402,256,29952,30207,30061,0
30463,34200153954787049,0,0.66563199,256,30208,30463,30416,0
30719,34200155240120604,0,0.61983034,256,30464,30719,30526,0
30975,34200156565154586,0,0.61303204,256,30720,30975,30869,0
31231,34200157852560534,0,0.60281846,256,30976,31231,31136,0
31487,34200159102301422,0,0.59442221,256,31232,31487,31299,0
31743,34200160376447366,0,0.59648675,256,31488,31743,31707,0
31999,34200161693580059,0,0.59384777,256,31744,31999,31879,0
32255,34200162975502321,0,0.65585927,256,32000,32255,32050,0
32511,34200164271035503,0,0.63750405,256,32256,32511,32395,0
32767,34200165605038741,0,0.65071636,256,32512,32767,32698,0
33023,34200166805944252,0,0.59603534,256,32768,33023,32882,0
33279,34200168099534551,0,0.61297029,256,33024,33279,33178,0
33535,34200169354380991,0,0.62639294,256,33280,33535,33314,0
33791,34200170613197842,0,0.61854913,256,33536,33791,33631,0
34047,34200171845087915,0,0.6080745,256,33792,34047,33995,0
34303,34200173056924717,0,0.63534921,256,34048,34303,34202,0
34559,34200174309431046,0,0.61000586,256,34304,34559,34365,0
34815,34200175582360792,0,0.59199943,256,34560,34815,34650,0
35071,34200176850216934,0,0.62598071,256,34816,35071,34911,0
35327,34200178194114831,0,0.62042115,256,35072,35327,35310,0
35583,34200179499799868,0,0.6007891,256,35328,35583,35384,0
35839,34200180826165176,0,0.60044824,256,35584,35839,35687,0
36095,34200182067739641,0,0.62258164,256,35840,36095,36031,0
36351,34200183379640847,0,0.61672773,256,36096,36351,36177,0
36607,34200184661250129,0,0.63793373,256,36352,36607,36484,0
36863,34200185964889604,0,0.65676825,256,36608,36863,36807,0
37119,34200187209883919,0,0.59189767,256,36864,37119,37104,0
37375,34200188526889091,0,0.65469798,256,37120,37375,37363,0
37631,34200189835781238,0,0.63176897,256,37376,37631,37523,0
37887,34200191086765922,0,0.61766377,256,37632,37887,37852,0
38143,34200192389724390,0,0.59563738,256,37888,38143,37928,0
38399,34200193783004711,0,0.59642016,256,38144,38399,38174,0
38655,34200195101364295,0,0.66309834,256,38400,38655,38535,0
38911,34200196436965379,0,0.61057383,256,38656,38911,38830,0
39167,34200197747960294,0,0.59880173,256,38912,39167,38927,0
39423,34200199062885868,0,0.60759245,256,39168,39423,39191,0
39679,34200200368791707,0,0.65781552,256,39424,39679,39424,0
39935,34200201678176739,0,0.63380544,256,39680,39935,39704,0
40191,34200202990794044,0,0.60113956,256,39936,40191,40093,0
40447,34200204212837608,0,0.62129579,256,40192,40447,40357,0
40703,34200205489063174,0,0.62064396,256,40448,40703,40657,0
40959,34200206764294004,0,0.60302827,256,40704,40959,40880,0
41215,34200208040317626,0,0.60785975,256,40960,41215,41179,0
41471,34200209262145158,0,0.61596974,256,41216,41471,41397,0
41727,34200210592153744,0,0.57658246,256,41472,41727,41494,0
41983,34200211836212543,0,0.62374666,256,41728,41983,41951,0
42239,34200213174015690,0,0.6010083,256,41984,42239,42117,0
42495,34200214417604657,0,0.58368317,256,42240,42495,42310,0
42751,34200215714184195,0,0.58232311,256,42496,42751,42585,0
43007,34200216963048591,0,0.6099363,256,42752,43007,42804,0
43263,34200218194661734,0,0.60607571,256,43008,43263,43247,0
43519,34200219592195029,0,0.61528807,256,43264,43519,43281,0
43775,34200220872698322,0,0.60940541,256,43520,43775,43775,0
44031,34200222113674331,0,0.65134198,256,43776,44031,43862,0
44287,34200223454554884,0,0.62799196,256,44032,44287,44136,0
44543,34200224737692236,0,0.64382915,256,44288,44543,44454,0
44799,34200226039812169,0,0.61922696,256,44544,44799,44668,0
45055,34200227318217837,0,0.59839023,256,44800,45055,45031,0
45311,34200228578889802,0,0.62816033,256,45056,45311,45159,0
45567,34200229800196493,0,0.64913908,256,45312,45567,45529,0
45823,34200231161057835,0,0.59932455,256,45568,45823,45820,0
46079,34200232556392940,0,0.58963899,256,45824,46079,45982,0
46335,34200233738740546,0,0.65642894,256,46080,46335,46328,0
46591,34200235003855866,0,0.61479246,256,46336,46591,46554,0
46847,34200236325081209,0,0.58687898,256,46592,46847,46724,0
47103,34200237536234980,0,0.5812468,256,46848,47103,47029,0
47359,34200238884990236,0,0.60889053,256,47104,47359,47192,0
47615,34200240137196420,0,0.6789547,256,47360,47615,47564,0
47871,34200241400089964,0,0.63423499,256,47616,47871,47770,0
48127,34200242583227501,0,0.62730144,256,47872,48127,47963,0
48383,34200243835892447,0,0.57473111,256,48128,48383,48260,0
48639,34200245121015938,0,0.64256733,256,48384,48639,48558,0
48895,34200246417913807,0,0.62837244,256,48640,48895,48738,0
49151,34200247780623027,0,0.5982365,256,48896,49151,48934,0
49407,34200248996934341,0,0.60359799,256,49152,49407,49210,0
49663,34200250310987677,0,0.59659302,256,49408,49663,49648,0
49919,34200251592139601,0,0.58975026,256,49664,49919,49840,0
50175,34200252964776957,0,0.61424866,256,49920,50175,50051,0
50431,34200254209546433,0,0.62930165,256,50176,50431,50343,0
50687,34200255452324556,0,0.58270619,256,50432,50687,50654,0
50943,34200256703393222,0,0.58112582,256,50688,50943,50827,0
51199,34200258031277478,0,0.62488011,256,50944,51199,50957,0
51455,34200259257027867,0,0.58236464,256,51200,51455,51396,0
51711,34200260513943628,0,0.62010245,256,51456,51711,51578,0
51967,34200261861159613,0,0.61091659,256,51712,51967,51830,0
52223,34200263180989321,0,0.60658991,256,51968,52223,52213,0
52479,34200264521539005,0,0.57312292,256,52224,52479,52448,0
52735,34200265794385158,0,0.61519844,256,52480,52735,52489,0
52991,34200267081172027,0,0.60823272,256,52736,52991,52905,0
53247,34200268330687758,0,0.61129457,256,52992,53247,53016,0
53503,34200269675575945,0,0.60562089,256,53248,53503,53295,0
53759,34200270969181773,0,0.60377393,256,53504,53759,53520,0
54015,34200272237848447,0,0.62713047,256,53760,54015,53836,0
54271,34200273589773150,0,0.65692913,256,54016,54271,54263,0
54527,34200274811642463,0,0.61805452,256,54272,54527,54465,0
54783,34200276034988813,0,0.60662932,256,54528,54783,54587,0
55039,34200277433050220,0,0.62261602,256,54784,55039,54803,0
55295,34200278730607296,0,0.61549548,256,55040,55295,55236,0
55551,34200279983788822,0,0.59535012,256,55296,55551,55536,0
55807,34200281301980864,0,0.60383213,256,55552,55807,55690,0
56063,34200282627886786,0,0.58227665,256,55808,56063,56062,0
56319,34200283898849592,0,0.57086195,256,56064,56319,56064,0
56575,34200285215049521,0,0.59378722,256,56320,56575,56332,0
56831,34200286478542090,0,0.62129146,256,56576,56831,56802,0
57087,34200287764568558,0,0.62494963,256,56832,57087,56835,0
57343,34200289018677646,0,0.58792185,256,57088,57343,57302,0
57599,34200290308237698,0,0.61263605,256,57344,57599,57590,0
57855,34200291582259189,0,0.59954949,256,57600,57855,57720,0
58111,34200292876814074,0,0.61526841,256,57856,58111,57875,0
58367,34200294166617928,0,0.61289621,256,58112,58367,58324,0
58623,34200295511012417,0,0.69292101,256,58368,58623,58558,0
58879,34200296733636525,0,0.59693152,256,58624,58879,58667,0
59135,34200298058162825,0,0.62245042,256,58880,59135,59046,0
59391,34200299361084913,0,0.58982097,256,59136,59391,59381,0
59647,34200300668371921,0,0.59891146,256,59392,59647,59472,0
59903,34200302053324854,0,0.59958757,256,59648,59903,59897,0
60159,34200303361405173,0,0.58000046,256,59904,60159,60050,0
60415,34200304714588682,0,0.60133077,256,60160,60415,60289,0
60671,34200305943018337,0,0.63295032,256,60416,60671,60666,0
60927,34200307296189975,0,0.59501282,256,60672,60927,60790,0
61183,34200308541086261,0,0.60153947,256,60928,61183,61002,0
61439,34200309873389885,0,0.59158211,256,61184,61439,61373,0
61695,34200311146272280,0,0.64671385,256,61440,61695,61544,0
61951,34200312452953083,0,0.63386269,256,61696,61951,61875,0
62207,34200313800639018,0,0.63145207,256,61952,62207,62172,0
62463,34200315086221046,0,0.63753856,256,62208,62463,62260,0
62719,34200316398981562,0,0.63687953,256,62464,62719,62655,0
62975,34200317681851202,0,0.60181328,256,62720,62975,62774,0
63231,34200318990961714,0,0.64143286,256,62976,63231,62978,0
63487,34200320308074103,0,0.61257362,256,63232,63487,63429,0
63743,34200321612761074,0,0.60967855,256,63488,63743,63686,0
63999,34200322934784620,0,0.59341199,256,63744,63999,63831,0
64255,34200324129546061,0,0.64639082,256,64000,64255,64021,0
64511,34200325375100322,0,0.62883106,256,64256,64511,64431,0
64767,34200326642282827,0,0.56860543,256,64512,64767,64630,0
65023,34200327966112179,0,0.60762078,256,64768,65023,65012,0
65279,34200329225258130,0,0.61130886,256,65024,65279,65189,0
65535,34200330513596911,0,0.5750652,256,65280,65535,65347,0
65791,34200331853850165,0,0.58355571,256,65536,65791,65754,0
66047,34200333142422539,0,0.61997599,256,65792,66047,66045,0
66303,34200334399949321,0,0.60002854,256,66048,66303,66212,0
66559,34200335704483666,0,0.63354144,256,66304,66559,66553,0
66815,34200337038486469,0,0.61653147,256,66560,66815,66699,0
67071,34200338301040000,0,0.56357814,256,66816,67071,66908,0
67327,34200339503329075,0,0.60738056,256,67072,67327,67316,0
67583,34200340829926708,0,0.61848223,256,67328,67583,67567,0
67839,34200342091305269,0,0.5728344,256,67584,67839,67799,0
68095,34200343364046579,0,0.61213227,256,67840,68095,68026,0
68351,34200344625380201,0,0.59197516,256,68096,68351,68185,0
68607,34200346065878650,0,0.59319544,256,68352,68607,68469,0
68863,34200347350530764,0,0.59242797,256,68608,68863,68764,0
69119,34200348568672866,0,0.59253761,256,68864,69119,69107,0
69375,34200349853433943,0,0.6337925,256,69120,69375,69185,0
69631,34200351099466000,0,0.60585419,256,69376,69631,69377,0
69887,34200352431636858,0,0.59063498,256,69632,69887,69883,0
70143,34200353727082703,0,0.61252297,256,69888,70143,70042,0
70399,34200354992277522,0,0.63678324,256,70144,70399,70318,0
70655,34200356213782041,0,0.61420734,256,70400,70655,70414,0
70911,34200357561960682,0,0.60904724,256,70656,70911,70774,0
71167,34200358834922117,0,0.60613878,256,70912,71167,71059,0
71423,34200360084521039,0,0.60333579,256,71168,71423,71168,0
71679,34200361405516814,0,0.61424834,256,71424,71679,71517,0
71935,34200362755671407,0,0.59625723,256,71680,71935,71789,0
72191,34200364029951111,0,0.61436095,256,71936,72191,72096,0
72447,34200365326635838,0,0.63025999,256,72192,72447,72376,0
72703,34200366639704464,0,0.66362755,256,72448,72703,72543,0
72959,34200367929854031,0,0.62217051,256,72704,72959,72917,0
73215,34200369192651165,0,0.61708042,256,72960,73215,73174,0
73471,34200370487352997,0,0.64805175,256,73216,73471,73382,0
73727,34200371824043290,0,0.60259417,256,73472,73727,73615,0
73983,34200373190020868,0,0.62971467,256,73728,73983,73773,0
74239,34200374500571422,0,0.61590293,256,73984,74239,74003,0
74495,34200375774685531,0,0.62529003,256,74240,74495,74439,0
74751,34200377037821950,0,0.62864922,256,74496,74751,74749,0
75007,34200378378233739,0,0.59333768,256,74752,75007,74937,0
75263,34200379628286901,0,0.62037311,256,75008,75263,75030,0
75519,34200380863360462,0,0.61166759,256,75264,75519,75516,0
75775,34200382164542135,0,0.63898438,256,75520,75775,75524,0
76031,34200383456697516,0,0.60579449,256,75776,76031,75865,0
76287,34200384731923159,0,0.59432828,256,76032,76287,76156,0
76543,34200385982019075,0,0.57141594,256,76288,76543,76495,0
76799,34200387251485630,0,0.58731305,256,76544,76799,76756,0
77055,34200388522572325,0,0.63939749,256,76800,77055,77044,0
77311,34200389835063706,0,0.62799182,256,77056,77311,77062,0
77567,34200391197171583,0,0.63027226,256,77312,77567,77374,0
77823,34200392468201412,0,0.58755874,256,77568,77823,77610,0
78079,34200393749390453,0,0.62146377,256,77824,78079,77982,0
78335,34200395055728365,0,0.60246461,256,78080,78335,78132,0
78591,34200396356120111,0,0.59872554,256,78336,78591,78429,0
78847,34200397579475686,0,0.59446178,256,78592,78847,78809,0
79103,34200398906630792,0,0.61647809,256,78848,79103,79082,0
79359,34200400154944549,0,0.61940373,256,79104,79359,79121,0
79615,34200401448298245,0,0.64121584,256,79360,79615,79528,0
79871,34200402852588536,0,0.60850876,256,79616,79871,79793,0
80127,34200404094760387,0,0.59243858,256,79872,80127,80049,0
80383,34200405455806331,0,0.63755647,256,80128,80383,80220,0
80639,34200406788308363,0,0.61990284,256,80384,80639,80394,0
80895,34200408055141392,0,0.6298314,256,80640,80895,80816,0
81151,34200409417985640,0,0.5681895,256,80896,81151,81068,0
81407,34200410703765606,0,0.58800449,256,81152,81407,81254,0
81663,34200412016473110,0,0.58821582,256,81408,81663,81558,0
81919,34200413250894729,0,0.61040398,256,81664,81919,81805,0
82175,34200414429925272,0,0.6066355,256,81920,82175,82016,0
82431,34200415754391695,0,0.57977163,256,82176,82431,82353,0
82687,34200417072567097,0,0.65932005,256,82432,82687,82599,0
82943,34200418362669031,0,0.594451,256,82688,82943,82812,0
83199,34200419654097124,0,0.60274246,256,82944,83199,83133,0
83455,34200420925351763,0,0.59988771,256,83200,83455,83364,0
83711,34200422229973462,0,0.6686183,256,83456,83711,83692,0
83967,34200423594071021,0,0.60820329,256,83712,83967,83720,0
84223,34200424887431619,0,0.61662286,256,83968,84223,84199,0
84479,34200426178420297,0,0.64193169,256,84224,84479,84347,0
84735,34200427485514639,0,0.58499298,256,84480,84735,84588,0
84991,34200428753109891,0,0.58960647,256,84736,84991,84954,0
85247,34200429983965315,0,0.6016676,256,84992,85247,85064,0
85503,34200431306920573,0,0.61858467,256,85248,85503,85336,0
85759,34200432630164969,0,0.59487259,256,85504,85759,85695,0
86015,34200433930238070,0,0.57453155,256,85760,86015,85774,0
86271,34200435241029436,0,0.58325845,256,86016,86271,86087,0
86527,34200436465939575,0,0.59289488,256,86272,86527,86448,0
86783,34200437871225186,0,0.62981849,256,86528,86783,86568,0
87039,34200439144000513,0,0.61250639,256,86784,87039,86967,0
87295,34200440464405652,0,0.65859587,256,87040,87295,87048,0
87551,34200441723262627,0,0.60433851,256,87296,87551,87327,0
87807,34200442960560500,0,0.58603592,256,87552,87807,87736,0
88063,34200444241533533,0,0.58117719,256,87808,88063,88034,0
88319,34200445542893247,0,0.6051523,256,88064,88319,88138,0
88575,34200446741854905,0,0.60298794,256,88320,88575,88341,0
88831,34200448082132991,0,0.59933504,256,88576,88831,88796,0
89087,34200449331352713,0,0.64303692,256,88832,89087,89078,0
89343,34200450635078994,0,0.62150001,256,89088,89343,89100,0
89599,34200452046926191,0,0.58952888,256,89344,89599,89516,0
89855,34200453244317215,0,0.61402743,256,89600,89855,89611,0
90111,34200454584185725,0,0.61915101,256,89856,90111,89963,0
90367,34200455799755890,0,0.61467062,256,90112,90367,90317,0
90623,34200457077022921,0,0.59832341,256,90368,90623,90499,0
90879,34200458373643909,0,0.5910827,256,90624,90879,90815,0
91135,34200459637612492,0,0.60441898,256,90880,91135,90906,0
91391,34200460984060638,0,0.61028263,256,91136,91391,91281,0
91647,34200462233622389,0,0.66421782,256,91392,91647,91410,0
91903,34200463490911041,0,0.64918656,256,91648,91903,91800,0
92159,34200464822812282,0,0.62763628,256,91904,92159,91924,0
92415,34200466146273611,0,0.59030164,256,92160,92415,92263,0
92671,34200467426118574,0,0.65669599,256,92416,92671,92546,0
92927,34200468721710434,0,0.59736265,256,92672,92927,92835,0
93183,34200470007611354,0,0.62120374,256,92928,93183,93029,0
93439,34200471353790806,0,0.60772612,256,93184,93439,93425,0
93695,34200472684192415,0,0.60193256,256,93440,93695,93481,0
93951,34200474040969359,0,0.61228407,256,93696,93951,93891,0
94207,34200475345942081,0,0.62012724,256,93952,94207,93966,0
94463,34200476613609646,0,0.62712254,256,94208,94463,94281,0
94719,34200477909282654,0,0.59939127,256,94464,94719,94578,0
94975,34200479209162194,0,0.62206653,256,94720,94975,94923,0
95231,34200480544053115,0,0.62019624,256,94976,95231,95197,0
95487,34200481920717043,0,0.62414991,256,95232,95487,95367,0
95743,34200483235646519,0,0.62464416,256,95488,95743,95509,0
95999,34200484440946225,0,0.59181943,256,95744,95999,95962,0
96255,34200485661029032,0,0.63017868,256,96000,96255,96085,0
96511,34200486975522490,0,0.61242889,256,96256,96511,96400,0
96767,34200488314751421,0,0.59227937,256,96512,96767,96660,0
97023,34200489636831150,0,0.59442219,256,96768,97023,96912,0
97279,34200490996725824,0,0.63925784,256,97024,97279,97231,0
97535,34200492381820263,0,0.61598194,256,97280,97535,97317,0
97791,34200493729610464,0,0.60010546,256,97536,97791,97762,0
98047,34200495010030950,0,0.61103145,256,97792,98047,97792,0
98303,34200496331804600,0,0.61090879,256,98048,98303,98079,0
98559,34200497643676855,0,0.61692627,256,98304,98559,98449,0
98815,34200498965082955,0,0.59929395,256,98560,98815,98638,0
99071,34200500162696539,0,0.64087453,256,98816,99071,98872,0
99327,34200501388942574,0,0.6315689,256,99072,99327,99100,0
99583,34200502683185932,0,0.63829549,256,99328,99583,99582,0
99839,34200503947876651,0,0.62853484,256,99584,99839,99785,0
