run_file,dataset_alias,dataset_filename,controller_name,controller_display_name,split,calibrated_threshold,events_ingested,events_processed,events_dropped,backpressure_activations,max_queue_occupancy,auc_roc,pr_auc,precision,recall,f1,fpr,accuracy,t_q_mean_ns,t_q_p99_ns,t_freshness_mean_ns,t_freshness_p99_ns,t_exec_mean_ns,t_exec_p99_ns,t_e2e_min_ns,t_e2e_mean_ns,t_e2e_p50_ns,t_e2e_p90_ns,t_e2e_p95_ns,t_e2e_p99_ns,t_e2e_max_ns,t_e2e_std_ns
academic_sample_adaptive_ema_test.json,academic_sample,replay_academic_sample_AMZN_2012-06-21_34200000_57600000.csv,adaptive_ema,Adaptive-EMA[W10-W500],test,0.625143799594661,1000,1000,0,0,0,0.5,0.0,0.0,0.0,0.0,0.63,0.37,36.312759400000004,39.23758192,1350.0,1350.0,100.0,100.0,1478.36364,1486.3127594,1486.615446,1488.3306408,1488.7749816,1489.2375819200001,1489.30232,1.9509822058980162
academic_sample_fixed_w100_test.json,academic_sample,replay_academic_sample_AMZN_2012-06-21_34200000_57600000.csv,fixed_w100,Fixed-W100,test,0.625143799594661,1000,1000,0,0,0,0.5,0.0,0.0,0.0,0.0,0.63,0.37,36.83485840000001,38.916776000000006,14850.0,14850.0,55.0,55.0,14939.864832,14941.8348584,14941.857698,14943.234655200002,14943.916776,14943.916776,14943.916776,1.2174361182173612
academic_sample_fixed_w10_test.json,academic_sample,replay_academic_sample_AMZN_2012-06-21_34200000_57600000.csv,fixed_w10,Fixed-W10,test,0.625143799594661,1000,1000,0,0,0,0.5,0.0,0.0,0.0,0.0,0.63,0.37,36.312759400000004,39.23758192,1350.0,1350.0,100.0,100.0,1478.36364,1486.3127594,1486.615446,1488.3306408,1488.7749816,1489.2375819200001,1489.30232,1.9509822058980162
academic_sample_fixed_w200_test.json,academic_sample,replay_academic_sample_AMZN_2012-06-21_34200000_57600000.csv,fixed_w200,Fixed-W200,test,0.625143799594661,1000,1000,0,0,0,0.5,0.0,0.0,0.0,0.0,0.63,0.37,36.874142400000004,38.158864,29850.0,29850.0,52.5,52.5,29937.679904,29939.374142400004,29939.536904,29940.658864,29940.658864,29940.658864,29940.658864,0.9902613081133231
academic_sample_fixed_w500_test.json,academic_sample,replay_academic_sample_AMZN_2012-06-21_34200000_57600000.csv,fixed_w500,Fixed-W500,test,0.625143799594661,1000,1000,0,0,0,0.5,0.0,0.0,0.0,0.0,0.63,0.37,37.418678,38.158864,74850.0,74850.0,51.0,51.0,74937.678492,74938.418678,74938.418678,74939.158864,74939.158864,74939.158864,74939.158864,0.7401859999954469
academic_sample_fixed_w50_test.json,academic_sample,replay_academic_sample_AMZN_2012-06-21_34200000_57600000.csv,fixed_w50,Fixed-W50,test,0.625143799594661,1000,1000,0,0,0,0.5,0.0,0.0,0.0,0.0,0.63,0.37,36.420794,39.30232,7350.0,7350.0,60.0,60.0,7441.750928,7446.4207940000015,7446.594284,7448.2346552,7448.9360532,7449.30232,7449.30232,1.7919512319182571
academic_sample_periodic_control_test.json,academic_sample,replay_academic_sample_AMZN_2012-06-21_34200000_57600000.csv,periodic_control,Control-PeriodicSchedule[period=500],test,0.625143799594661,1000,1000,0,0,0,0.5,0.0,0.0,0.0,0.0,0.63,0.37,36.33040512,38.158864,37467.9,39000.0,52.0,52.21238938053097,33839.13335338053,37556.23040512,38635.11518449612,39089.06528481226,39089.06528481226,39089.06528481226,39089.06528481226,2034.3581974441352
academic_sample_shuffled_control_test.json,academic_sample,replay_academic_sample_AMZN_2012-06-21_34200000_57600000.csv,shuffled_control,Control-ShuffledOccupancy[seed=42],test,0.625143799594661,1000,1000,0,0,0,0.5,0.0,0.0,0.0,0.0,0.63,0.37,37.514831812,39.010892,41414.1,55350.0,52.99999999999999,72.72727272727272,3259.2787807272725,41504.614831811996,48389.706851616094,55438.717175351354,55438.717175351354,55438.717175351354,55438.717175351354,16607.84175149177
academic_sample_unadaptive_w1_test.json,academic_sample,replay_academic_sample_AMZN_2012-06-21_34200000_57600000.csv,unadaptive_w1,Unadaptive-W1,test,0.625143799594661,1000,1000,0,0,0,0.5,0.0,0.0,0.0,0.0,0.63,0.37,36.322729588,39.193173959999996,0.0,0.0,550.0,550.0,577.63502,586.322729588,586.678492,588.327892,588.7725428,589.19317396,589.751748,1.901273976290566
synthetic_seed101_adaptive_ema_test.json,synthetic_seed101,replay_synthetic_seed101.csv,adaptive_ema,Adaptive-EMA[W10-W500],test,0.5949090120441177,2000,2000,0,0,0,0.5,0.0,0.0,0.0,0.0,0.062,0.938,26.41752208,31.9185056,1350.0,1350.0,100.0,100.0,1469.737896,1476.41752208,1476.6649240000002,1479.9320764000001,1480.530667,1481.9185056000001,1482.360384,2.7103900130902785
synthetic_seed101_fixed_w100_test.json,synthetic_seed101,replay_synthetic_seed101.csv,fixed_w100,Fixed-W100,test,0.5949090120441177,2000,2000,0,0,0,0.5,0.0,0.0,0.0,0.0,0.062,0.938,26.763336600000002,32.360384,14850.0,14850.0,55.0,55.0,14926.556288,14931.763336600003,14931.688893999999,14935.017109600001,14935.1680424,14937.360384,14937.360384,2.804936738693842
synthetic_seed101_fixed_w10_test.json,synthetic_seed101,replay_synthetic_seed101.csv,fixed_w10,Fixed-W10,test,0.5949090120441177,2000,2000,0,0,0,0.5,0.0,0.0,0.0,0.0,0.062,0.938,26.41752208,31.9185056,1350.0,1350.0,100.0,100.0,1469.737896,1476.41752208,1476.6649240000002,1479.9320764000001,1480.530667,1481.9185056000001,1482.360384,2.7103900130902785
synthetic_seed101_fixed_w200_test.json,synthetic_seed101,replay_synthetic_seed101.csv,fixed_w200,Fixed-W200,test,0.5949090120441177,2000,2000,0,0,0,0.5,0.0,0.0,0.0,0.0,0.062,0.938,25.638826800000004,30.013160000000003,29850.0,29850.0,52.5,52.5,29924.056288,29928.138826799997,29928.286723999998,29930.1845792,29932.51316,29932.51316,29932.51316,2.3320398372718762
synthetic_seed101_fixed_w500_test.json,synthetic_seed101,replay_synthetic_seed101.csv,fixed_w500,Fixed-W500,test,0.5949090120441177,2000,2000,0,0,0,0.5,0.0,0.0,0.0,0.0,0.062,0.938,26.629052000000005,30.052656000000002,74850.0,74850.0,51.0,51.0,74924.085764,74927.62905199999,74927.68889399999,74931.052656,74931.052656,74931.052656,74931.052656,2.4653302330263127
synthetic_seed101_fixed_w50_test.json,synthetic_seed101,replay_synthetic_seed101.csv,fixed_w50,Fixed-W50,test,0.5949090120441177,2000,2000,0,0,0,0.5,0.0,0.0,0.0,0.0,0.062,0.938,26.159505499999998,32.360384,7350.0,7350.0,60.0,60.0,7429.737896,7436.1595055,7436.4738,7440.0171096,7440.4519498,7442.360384,7442.360384,3.1106844965675218
synthetic_seed101_periodic_control_test.json,synthetic_seed101,replay_synthetic_seed101.csv,periodic_control,Control-PeriodicSchedule[period=500],test,0.5949090120441177,2000,2000,0,0,0,0.5,0.0,0.0,0.0,0.0,0.062,0.938,26.281527032,29.131044,38192.1,40800.0,52.0,53.28947368421053,22727.44095768421,38270.381527032005,39529.70867539394,40874.135297831504,40874.135297831504,40874.135297831504,40874.135297831504,4540.680120387794
synthetic_seed101_shuffled_control_test.json,synthetic_seed101,replay_synthetic_seed101.csv,shuffled_control,Control-ShuffledOccupancy[seed=42],test,0.5949090120441177,2000,2000,0,0,0,0.5,0.0,0.0,0.0,0.0,0.062,0.938,26.471296382000006,30.379536000000005,46989.6,66900.0,52.25,72.72727272727272,3247.4638687272727,47068.321296382004,51080.21387965982,66975.35506023266,66975.35506023266,66975.35506023266,66975.35506023266,17311.704465153507
synthetic_seed101_unadaptive_w1_test.json,synthetic_seed101,replay_synthetic_seed101.csv,unadaptive_w1,Unadaptive-W1,test,0.5949090120441177,2000,2000,0,0,0,0.5,0.0,0.0,0.0,0.0,0.062,0.938,26.35487874,31.671734880000002,0.0,0.0,550.0,550.0,568.944792,576.3548787400001,576.490944,579.5565252,580.3147302,581.67173488,583.268132,2.5295867723550955
synthetic_seed102_adaptive_ema_test.json,synthetic_seed102,replay_synthetic_seed102.csv,adaptive_ema,Adaptive-EMA[W10-W500],test,0.5523148270306546,2000,2000,0,0,0,0.7434762548552544,0.20308071311919695,0.13803680981595093,0.45918367346938777,0.2122641509433962,0.14773922187171398,0.833,26.82362124,36.37981788,1350.0,1350.0,100.0,100.0,1468.944792,1476.8236212399997,1476.758348,1480.5581716000002,1481.3618021999998,1486.37981788,1487.659652,2.9106942637705213
synthetic_seed102_fixed_w100_test.json,synthetic_seed102,replay_synthetic_seed102.csv,fixed_w100,Fixed-W100,test,0.5523148270306546,2000,2000,0,0,0,0.7434762548552544,0.20308071311919695,0.13803680981595093,0.45918367346938777,0.2122641509433962,0.14773922187171398,0.833,27.858159800000006,35.309872000000006,14850.0,14850.0,55.0,55.0,14926.519588,14932.8581598,14932.431693999999,14936.2834052,14936.8299194,14940.309872,14940.309872,3.166064444548828
synthetic_seed102_fixed_w10_test.json,synthetic_seed102,replay_synthetic_seed102.csv,fixed_w10,Fixed-W10,test,0.5523148270306546,2000,2000,0,0,0,0.7434762548552544,0.20308071311919695,0.13803680981595093,0.45918367346938777,0.2122641509433962,0.14773922187171398,0.833,26.82362124,36.37981788,1350.0,1350.0,100.0,100.0,1468.944792,1476.8236212399997,1476.758348,1480.5581716000002,1481.3618021999998,1486.37981788,1487.659652,2.9106942637705213
synthetic_seed102_fixed_w200_test.json,synthetic_seed102,replay_synthetic_seed102.csv,fixed_w200,Fixed-W200,test,0.5523148270306546,2000,2000,0,0,0,0.7434762548552544,0.20308071311919695,0.13803680981595093,0.45918367346938777,0.2122641509433962,0.14773922187171398,0.833,27.2795908,31.243032000000003,29850.0,29850.0,52.5,52.5,29924.019588,29929.7795908,29929.931694,29933.592544799998,29933.743032,29933.743032,29933.743032,2.7003562594227737
synthetic_seed102_fixed_w500_test.json,synthetic_seed102,replay_synthetic_seed102.csv,fixed_w500,Fixed-W500,test,0.5523148270306546,2000,2000,0,0,0,0.7434762548552544,0.20308071311919695,0.13803680981595093,0.45918367346938777,0.2122641509433962,0.14773922187171398,0.833,26.512723,30.657388000000005,74850.0,74850.0,51.0,51.0,74923.841708,74927.51272300002,74927.27589799999,74931.657388,74931.657388,74931.657388,74931.657388,2.879413752346062
synthetic_seed102_fixed_w50_test.json,synthetic_seed102,replay_synthetic_seed102.csv,fixed_w50,Fixed-W50,test,0.5523148270306546,2000,2000,0,0,0,0.7434762548552544,0.20308071311919695,0.13803680981595093,0.45918367346938777,0.2122641509433962,0.14773922187171398,0.833,27.0777132,37.101516,7350.0,7350.0,60.0,60.0,7431.519588,7437.0777132,7436.591644,7441.0925448,7441.8299194,7447.101516,7447.101516,3.207317633920753
synthetic_seed102_periodic_control_test.json,synthetic_seed102,replay_synthetic_seed102.csv,periodic_control,Control-PeriodicSchedule[period=500],test,0.5523148270306546,2000,2000,0,0,0,0.7434762548552544,0.20308071311919695,0.13803680981595093,0.45918367346938777,0.2122641509433962,0.14773922187171398,0.833,25.345259394,29.809608,38192.1,40800.0,52.0,53.28947368421053,22733.09908168421,38269.44525939401,39524.80133139394,40879.646237831505,40879.646237831505,40879.646237831505,40879.646237831505,4538.969138793137
synthetic_seed102_shuffled_control_test.json,synthetic_seed102,replay_synthetic_seed102.csv,shuffled_control,Control-ShuffledOccupancy[seed=42],test,0.5523148270306546,2000,2000,0,0,0,0.7434762548552544,0.20308071311919695,0.13803680981595093,0.45918367346938777,0.2122641509433962,0.14773922187171398,0.833,25.699542652,32.099448,46989.6,66900.0,52.25,72.72727272727272,3254.8267207272725,47067.54954265201,51074.090243659826,66979.81133623265,66979.81133623265,66979.81133623265,66979.81133623265,17312.130137988246
synthetic_seed102_unadaptive_w1_test.json,synthetic_seed102,replay_synthetic_seed102.csv,unadaptive_w1,Unadaptive-W1,test,0.5523148270306546,2000,2000,0,0,0,0.7434762548552544,0.20308071311919695,0.13803680981595093,0.45918367346938777,0.2122641509433962,0.14773922187171398,0.833,26.784822228,35.59756211999999,0.0,0.0,550.0,550.0,568.944792,576.784822228,576.846958,580.2175496,581.4593696,585.59756212,589.072504,2.9585639361012865
synthetic_seed103_adaptive_ema_test.json,synthetic_seed103,replay_synthetic_seed103.csv,adaptive_ema,Adaptive-EMA[W10-W500],test,0.5849045663162321,2000,2000,0,0,0,0.5,0.0,0.0,0.0,0.0,0.157,0.843,26.5183404,31.40576728,1350.0,1350.0,100.0,100.0,1468.80192,1476.5183404000002,1476.55163,1479.7431655999999,1480.319938,1481.40576728,1481.799188,2.481514609317651
synthetic_seed103_fixed_w100_test.json,synthetic_seed103,replay_synthetic_seed103.csv,fixed_w100,Fixed-W100,test,0.5849045663162321,2000,2000,0,0,0,0.5,0.0,0.0,0.0,0.0,0.157,0.843,26.9892704,30.717004000000003,14850.0,14850.0,55.0,55.0,14923.80192,14931.9892704,14932.25596,14933.6640608,14934.2904536,14935.717004,14935.717004,2.3676486887099686
synthetic_seed103_fixed_w10_test.json,synthetic_seed103,replay_synthetic_seed103.csv,fixed_w10,Fixed-W10,test,0.5849045663162321,2000,2000,0,0,0,0.5,0.0,0.0,0.0,0.0,0.157,0.843,26.5183404,31.40576728,1350.0,1350.0,100.0,100.0,1468.80192,1476.5183404000002,1476.55163,1479.7431655999999,1480.319938,1481.40576728,1481.799188,2.481514609317651
synthetic_seed103_fixed_w200_test.json,synthetic_seed103,replay_synthetic_seed103.csv,fixed_w200,Fixed-W200,test,0.5849045663162321,2000,2000,0,0,0,0.5,0.0,0.0,0.0,0.0,0.157,0.843,26.556707600000003,29.215372000000002,29850.0,29850.0,52.5,52.5,29921.30192,29929.056707600004,29929.572556,29930.999411200002,29931.715372,29931.715372,29931.715372,2.776939725177062
synthetic_seed103_fixed_w500_test.json,synthetic_seed103,replay_synthetic_seed103.csv,fixed_w500,Fixed-W500,test,0.5849045663162321,2000,2000,0,0,0,0.5,0.0,0.0,0.0,0.0,0.157,0.843,27.796147,29.215372000000002,74850.0,74850.0,51.0,51.0,74926.106572,74928.796147,74929.43132199999,74930.215372,74930.215372,74930.215372,74930.215372,1.5854944494836707
synthetic_seed103_fixed_w50_test.json,synthetic_seed103,replay_synthetic_seed103.csv,fixed_w50,Fixed-W50,test,0.5849045663162321,2000,2000,0,0,0,0.5,0.0,0.0,0.0,0.0,0.157,0.843,26.366272400000003,30.717004000000003,7350.0,7350.0,60.0,60.0,7428.80192,7436.3662724,7436.820016,7438.631258,7439.223418,7440.717004,7440.717004,2.3652134577910124
synthetic_seed103_periodic_control_test.json,synthetic_seed103,replay_synthetic_seed103.csv,periodic_control,Control-PeriodicSchedule[period=500],test,0.5849045663162321,2000,2000,0,0,0,0.5,0.0,0.0,0.0,0.0,0.157,0.843,27.413872692,29.948696,38192.1,40800.0,52.0,53.28947368421053,22727.49782968421,38271.513872692005,39529.58845539394,40879.922973831504,40879.922973831504,40879.922973831504,40879.922973831504,4541.098542899862
synthetic_seed103_shuffled_control_test.json,synthetic_seed103,replay_synthetic_seed103.csv,shuffled_control,Control-ShuffledOccupancy[seed=42],test,0.5849045663162321,2000,2000,0,0,0,0.5,0.0,0.0,0.0,0.0,0.157,0.843,27.264767264000003,29.602484000000004,46989.6,66900.0,52.25,72.72727272727272,3250.8116087272724,47069.114767264,51079.08527965983,66975.53774023266,66975.53774023266,66975.53774023266,66975.53774023266,17311.18878822792
synthetic_seed103_unadaptive_w1_test.json,synthetic_seed103,replay_synthetic_seed103.csv,unadaptive_w1,Unadaptive-W1,test,0.5849045663162321,2000,2000,0,0,0,0.5,0.0,0.0,0.0,0.0,0.157,0.843,26.469720666,31.580858440000004,0.0,0.0,550.0,550.0,568.653756,576.469720666,576.657636,579.7375004,580.3315622,581.5808584399999,582.8848399999999,2.5940297235245504
synthetic_seed104_adaptive_ema_test.json,synthetic_seed104,replay_synthetic_seed104.csv,adaptive_ema,Adaptive-EMA[W10-W500],test,0.5747930189983426,2000,2000,0,0,0,0.45901887623741927,0.016812249329519663,0.019801980198019802,0.05405405405405406,0.02898550724637681,0.05043301069791136,0.933,26.620241420000003,31.13058508,1350.0,1350.0,100.0,100.0,1470.399464,1476.6202414200002,1476.532994,1479.5823928,1480.5684638,1481.1305850800002,1482.070548,2.39592528929997
synthetic_seed104_fixed_w100_test.json,synthetic_seed104,replay_synthetic_seed104.csv,fixed_w100,Fixed-W100,test,0.5747930189983426,2000,2000,0,0,0,0.45901887623741927,0.016812249329519663,0.019801980198019802,0.05405405405405406,0.02898550724637681,0.05043301069791136,0.933,25.914245,30.246568000000003,14850.0,14850.0,55.0,55.0,14925.399464,14930.914245,14931.088002,14933.2814528,14933.600613199998,14935.246568,14935.246568,2.465377766442737
synthetic_seed104_fixed_w10_test.json,synthetic_seed104,replay_synthetic_seed104.csv,fixed_w10,Fixed-W10,test,0.5747930189983426,2000,2000,0,0,0,0.45901887623741927,0.016812249329519663,0.019801980198019802,0.05405405405405406,0.02898550724637681,0.05043301069791136,0.933,26.620241420000003,31.13058508,1350.0,1350.0,100.0,100.0,1470.399464,1476.6202414200002,1476.532994,1479.5823928,1480.5684638,1481.1305850800002,1482.070548,2.39592528929997
synthetic_seed104_fixed_w200_test.json,synthetic_seed104,replay_synthetic_seed104.csv,fixed_w200,Fixed-W200,test,0.5747930189983426,2000,2000,0,0,0,0.45901887623741927,0.016812249329519663,0.019801980198019802,0.05405405405405406,0.02898550724637681,0.05043301069791136,0.933,26.5484444,30.246568000000003,29850.0,29850.0,52.5,52.5,29923.359744,29929.048444399996,29930.1745,29930.9547112,29932.746568,29932.746568,29932.746568,2.703479334857186
synthetic_seed104_fixed_w500_test.json,synthetic_seed104,replay_synthetic_seed104.csv,fixed_w500,Fixed-W500,test,0.5747930189983426,2000,2000,0,0,0,0.45901887623741927,0.016812249329519663,0.019801980198019802,0.05405405405405406,0.02898550724637681,0.05043301069791136,0.933,25.542646,30.246568000000003,74850.0,74850.0,51.0,51.0,74921.399464,74926.542646,74926.762276,74931.246568,74931.246568,74931.246568,74931.246568,3.75355023531887
synthetic_seed104_fixed_w50_test.json,synthetic_seed104,replay_synthetic_seed104.csv,fixed_w50,Fixed-W50,test,0.5747930189983426,2000,2000,0,0,0,0.45901887623741927,0.016812249329519663,0.019801980198019802,0.05405405405405406,0.02898550724637681,0.05043301069791136,0.933,26.567690100000004,32.07054800000001,7350.0,7350.0,60.0,60.0,7430.399464,7436.567690100001,7436.556424,7439.170121200001,7441.0986666,7442.070548,7442.070548,2.4652139627407097
synthetic_seed104_periodic_control_test.json,synthetic_seed104,replay_synthetic_seed104.csv,periodic_control,Control-PeriodicSchedule[period=500],test,0.5747930189983426,2000,2000,0,0,0,0.45901887623741927,0.016812249329519663,0.019801980198019802,0.05405405405405406,0.02898550724637681,0.05043301069791136,0.933,27.889557332000003,30.246568000000003,38192.1,40800.0,52.0,53.28947368421053,22729.87503768421,38271.989557331995,39531.144151393935,40881.875413831505,40881.875413831505,40881.875413831505,40881.875413831505,4540.65404038963
synthetic_seed104_shuffled_control_test.json,synthetic_seed104,replay_synthetic_seed104.csv,shuffled_control,Control-ShuffledOccupancy[seed=42],test,0.5747930189983426,2000,2000,0,0,0,0.45901887623741927,0.016812249329519663,0.019801980198019802,0.05405405405405406,0.02898550724637681,0.05043301069791136,0.933,26.806332768000004,30.246568000000003,46989.6,66900.0,52.25,72.72727272727272,3248.6474527272726,47068.656332768,51076.10265565983,66977.11771623266,66977.11771623266,66977.11771623266,66977.11771623266,17311.624612193555
synthetic_seed104_unadaptive_w1_test.json,synthetic_seed104,replay_synthetic_seed104.csv,unadaptive_w1,Unadaptive-W1,test,0.5747930189983426,2000,2000,0,0,0,0.45901887623741927,0.016812249329519663,0.019801980198019802,0.05405405405405406,0.02898550724637681,0.05043301069791136,0.933,26.502987849999997,31.56834192,0.0,0.0,550.0,550.0,569.048696,576.50298785,576.629476,579.653468,580.3513694,581.56834192,583.460828,2.529218215175957
synthetic_seed105_adaptive_ema_test.json,synthetic_seed105,replay_synthetic_seed105.csv,adaptive_ema,Adaptive-EMA[W10-W500],test,0.5734729866247065,2000,2000,0,0,0,0.47963371482801315,0.04162564403744737,0.05699481865284974,0.13253012048192772,0.07971014492753623,0.09494001043296818,0.873,26.48679054,31.52445148,1350.0,1350.0,100.0,100.0,1469.59136,1476.48679054,1476.6576340000001,1479.2884116,1480.3660328,1481.5244514800002,1482.283624,2.3923409589011713
synthetic_seed105_fixed_w100_test.json,synthetic_seed105,replay_synthetic_seed105.csv,fixed_w100,Fixed-W100,test,0.5734729866247065,2000,2000,0,0,0,0.47963371482801315,0.04162564403744737,0.05699481865284974,0.13253012048192772,0.07971014492753623,0.09494001043296818,0.873,26.402556,28.583936,14850.0,14850.0,55.0,55.0,14927.679524,14931.402556000001,14931.735664,14933.267624,14933.5326892,14933.583936,14933.583936,1.637322574004854
synthetic_seed105_fixed_w10_test.json,synthetic_seed105,replay_synthetic_seed105.csv,fixed_w10,Fixed-W10,test,0.5734729866247065,2000,2000,0,0,0,0.47963371482801315,0.04162564403744737,0.05699481865284974,0.13253012048192772,0.07971014492753623,0.09494001043296818,0.873,26.48679054,31.52445148,1350.0,1350.0,100.0,100.0,1469.59136,1476.48679054,1476.6576340000001,1479.2884116,1480.3660328,1481.5244514800002,1482.283624,2.3923409589011713
synthetic_seed105_fixed_w200_test.json,synthetic_seed105,replay_synthetic_seed105.csv,fixed_w200,Fixed-W200,test,0.5734729866247065,2000,2000,0,0,0,0.47963371482801315,0.04162564403744737,0.05699481865284974,0.13253012048192772,0.07971014492753623,0.09494001043296818,0.873,25.910118399999998,28.529992000000004,29850.0,29850.0,52.5,52.5,29925.179524,29928.410118399996,29928.658612,29929.9246552,29931.029992,29931.029992,29931.029992,1.6095018697189316
synthetic_seed105_fixed_w500_test.json,synthetic_seed105,replay_synthetic_seed105.csv,fixed_w500,Fixed-W500,test,0.5734729866247065,2000,2000,0,0,0,0.47963371482801315,0.04162564403744737,0.05699481865284974,0.13253012048192772,0.07971014492753623,0.09494001043296818,0.873,27.074517999999998,28.231592,74850.0,74850.0,51.0,51.0,74926.534028,74928.07451800001,74928.266226,74929.231592,74929.231592,74929.231592,74929.231592,1.0310273466189122
synthetic_seed105_fixed_w50_test.json,synthetic_seed105,replay_synthetic_seed105.csv,fixed_w50,Fixed-W50,test,0.5734729866247065,2000,2000,0,0,0,0.47963371482801315,0.04162564403744737,0.05699481865284974,0.13253012048192772,0.07971014492753623,0.09494001043296818,0.873,26.5164651,30.997288,7350.0,7350.0,60.0,60.0,7430.837944,7436.5164651,7436.675434000001,7439.110146800001,7439.5679789999995,7440.997288,7440.997288,2.0833191994827396
synthetic_seed105_periodic_control_test.json,synthetic_seed105,replay_synthetic_seed105.csv,periodic_control,Control-PeriodicSchedule[period=500],test,0.5734729866247065,2000,2000,0,0,0,0.47963371482801315,0.04162564403744737,0.05699481865284974,0.13253012048192772,0.07971014492753623,0.09494001043296818,0.873,26.759054126000002,29.480924000000005,38192.1,40800.0,52.0,53.28947368421053,22732.35678168421,38270.85905412599,39527.514851393935,40881.31242583151,40881.31242583151,40881.31242583151,40881.31242583151,4539.555018141248
synthetic_seed105_shuffled_control_test.json,synthetic_seed105,replay_synthetic_seed105.csv,shuffled_control,Control-ShuffledOccupancy[seed=42],test,0.5734729866247065,2000,2000,0,0,0,0.47963371482801315,0.04162564403744737,0.05699481865284974,0.13253012048192772,0.07971014492753623,0.09494001043296818,0.873,25.889017128,27.413196,46989.6,66900.0,52.25,72.72727272727272,3250.1404687272725,47067.73901712799,51075.560067659826,66977.57210423266,66977.57210423266,66977.57210423266,66977.57210423266,17312.187835088353
synthetic_seed105_unadaptive_w1_test.json,synthetic_seed105,replay_synthetic_seed105.csv,unadaptive_w1,Unadaptive-W1,test,0.5734729866247065,2000,2000,0,0,0,0.47963371482801315,0.04162564403744737,0.05699481865284974,0.13253012048192772,0.07971014492753623,0.09494001043296818,0.873,26.433195056000002,31.763831120000003,0.0,0.0,550.0,550.0,568.765392,576.433195056,576.611452,579.6859068,580.363408,581.7638311200001,583.154136,2.5750093918962227
