run_id,total_anomaly_ticks,total_normal_ticks,anomaly_ticks_at_wmin,normal_ticks_at_wmin,pct_anomaly_at_wmin,pct_normal_at_wmin
0,3114,96886,0,0,0.0,0.0
1,3114,96886,0,0,0.0,0.0
2,3114,96886,0,0,0.0,0.0
3,3114,96886,0,0,0.0,0.0
4,3114,96886,442,11750,14.193962748876043,12.127655182379291
5,3114,96886,0,0,0.0,0.0
6,3114,96886,0,0,0.0,0.0
7,3114,96886,0,0,0.0,0.0
8,3114,96886,0,0,0.0,0.0
9,3114,96886,0,0,0.0,0.0
10,3114,96886,0,0,0.0,0.0
11,3114,96886,0,0,0.0,0.0
12,3114,96886,0,0,0.0,0.0
13,3114,96886,0,0,0.0,0.0
14,3114,96886,0,0,0.0,0.0
15,3114,96886,0,0,0.0,0.0
16,3114,96886,0,0,0.0,0.0
17,3114,96886,2752,80576,88.37508028259474,83.16578246599096
18,3114,96886,0,0,0.0,0.0
19,3114,96886,0,0,0.0,0.0
20,3114,96886,0,0,0.0,0.0
21,3114,96886,0,0,0.0,0.0
22,3114,96886,0,0,0.0,0.0
23,3114,96886,0,0,0.0,0.0
24,3114,96886,0,0,0.0,0.0
25,3114,96886,0,0,0.0,0.0
26,3114,96886,0,0,0.0,0.0
27,3114,96886,321,9311,10.308285163776493,9.610263608777325
28,3114,96886,0,0,0.0,0.0
29,3114,96886,0,0,0.0,0.0
