run_id,total_anomaly_ticks,burst_ticks,overlap_ticks,pct_anomaly_in_burst,pct_normal_in_burst
1,3114,0,0,0.00,0.00
2,3114,0,0,0.00,0.00
3,3114,0,0,0.00,0.00
4,3114,0,0,0.00,0.00
5,3114,0,0,0.00,0.00
6,3114,0,0,0.00,0.00
7,3114,9632,321,10.31,9.61
8,3114,0,0,0.00,0.00
9,3114,0,0,0.00,0.00
10,3114,0,0,0.00,0.00
11,3114,0,0,0.00,0.00
12,3114,0,0,0.00,0.00
13,3114,12192,442,14.19,12.13
14,3114,0,0,0.00,0.00
15,3114,0,0,0.00,0.00
16,3114,0,0,0.00,0.00
17,3114,0,0,0.00,0.00
18,3114,0,0,0.00,0.00
19,3114,0,0,0.00,0.00
20,3114,0,0,0.00,0.00
21,3114,0,0,0.00,0.00
22,3114,0,0,0.00,0.00
23,3114,0,0,0.00,0.00
24,3114,0,0,0.00,0.00
25,3114,83328,2752,88.38,83.17
26,3114,0,0,0.00,0.00
27,3114,0,0,0.00,0.00
28,3114,0,0,0.00,0.00
29,3114,0,0,0.00,0.00
30,3114,0,0,0.00,0.00
