occ_low,occ_high,shrink,grow,n_reps,raw_f1_mean,raw_f1_std,pa20_f1_mean,pa20_f1_std,mean_lat_ms_mean,mean_lat_ms_std,p95_lat_ms_median,p95_lat_ms_iqr
0.2,0.6,0.6,1.1,30,0.13082138501277088,0.02819332891450015,0.1387149704316543,0.026788824189669075,10.429989187480365,8.117557786103639,19.932851,16.9612511125
0.2,0.6,0.7,1.15,30,0.09132323369871748,0.005012563201287942,0.10611368128867237,0.011093366763980162,22.217286293363017,1.5842412424818306,25.699137399999998,4.733471587499999
0.2,0.6,0.8,1.2,30,0.09030425950251653,0.002684941138557502,0.09721729097714027,0.005501943066635759,19.070221088223025,1.403702688019356,21.585450225,1.7158029374999977
0.3,0.7,0.6,1.1,30,0.08944652776116403,0.0020817944877261816,0.10014015466929901,0.004808783978599178,21.224574978116117,0.6152237880202932,23.642579175,1.1215268625000014
0.3,0.7,0.7,1.15,30,0.09333376429001167,0.005164555649289851,0.1066157878666592,0.01355583318494107,25.41577575423701,6.094503690539617,26.76579385,7.763933237500016
0.3,0.7,0.8,1.2,30,0.10013022700698336,0.005862252860540239,0.12408466126030794,0.014047078534095692,40.773474428986084,48.446434095052666,28.9637333,2.3001196999999998
0.4,0.8,0.6,1.1,30,0.09920336796634639,0.005433910763084382,0.12563720150976818,0.010155769747854964,33.05723034337091,10.785981544474115,30.66598345,4.296697262499997
0.4,0.8,0.7,1.15,30,0.09813743752778942,0.00538703501764005,0.1204794475502791,0.011298656623751577,29.422010299251163,0.7008138176594046,31.51886354999999,1.7582053874999986
0.4,0.8,0.8,1.2,30,0.09982429717594,0.00720258694936412,0.1249877732289005,0.012084918930288926,35.85403012584136,5.524197316702287,70.14735110000001,47.75202007500004
