occ_low,occ_high,shrink,grow,raw_f1,pa20_f1,pa20_recall,mean_lat_ms,p95_lat_ms
0.2,0.6,0.6,1.1,0.12734623159110597,0.13452871799789048,0.45054592164418755,12.977433960016873,21.30690175
0.2,0.6,0.7,1.15,0.13348164627363737,0.14233749802309031,0.28901734104046245,7.090014207656914,17.133756249999998
0.2,0.6,0.8,1.2,0.12710127101271013,0.13677770224337185,0.3230571612074502,11.397592598155745,22.155041
0.3,0.7,0.6,1.1,0.09401892137473944,0.09965626582109835,0.6005138086062941,37.110382735396804,210.52491059999988
0.3,0.7,0.7,1.15,0.0943316635908252,0.09989222155043241,0.6101477199743096,14.860003375704608,22.71329375
0.3,0.7,0.8,1.2,0.1530240466358999,0.15928346647300895,0.2113037893384714,2.8076419246635975,11.1152395
0.4,0.8,0.6,1.1,0.09121638415270666,0.09646796381212047,0.6249197174052665,18.511450711255563,19.6365105
0.4,0.8,0.7,1.15,0.0893051416678492,0.09430802255089285,0.6419396274887604,22.997470718741415,23.93277075
0.4,0.8,0.8,1.2,0.09045447051711819,0.09469499657299521,0.554592164418754,18.311812977222022,19.507625
